{
  "version": 1,
  "timestamp": "2026-05-21T20:45:39.593512",
  "algorithm": "ridge_regression",
  "alpha": 1.0,
  "n_samples": 90,
  "train_rmse": 0.3366,
  "train_r2": 0.8752,
  "cv_rmse": 0.4211,
  "cv_improvement_pct": 50.1,
  "feature_names": [
    "intercept",
    "S",
    "R",
    "C",
    "lambda",
    "rho_estimated",
    "cycle/100",
    "decision_enc"
  ],
  "coefficients": [
    0.5070895313112171,
    -0.042045186395594354,
    0.6748991061671803,
    -0.2691085412682105,
    -0.03204200873106075,
    -0.9735954609214087,
    -0.4376725557041317,
    -0.20169199638036603
  ],
  "feature_stats": {
    "S": {
      "mean": 1.5393333333333332,
      "sd": 1.3128593053162838
    },
    "R": {
      "mean": 0.6036666666666667,
      "sd": 0.28605924017393475
    },
    "C": {
      "mean": 0.408,
      "sd": 0.2969930788568799
    }
  }
}